title,company,description,link,listedOn
"Farm Worker - (Horses)","Ramahiku River Bend LTD","Good farm to work on.. Easy hours of work, Transport provided if needed.. Bonuses and good time off..","https://www.seek.co.nz/job/71761323?type=promoted&ref=search-standalone#sol=b24ec327577e99969eae85fcbd4e29ba1b1684c9","2023-11-20T07:30:04.537Z"
"Sous Chef","Honest Kitchen Limited","Our key success is our quality food produced by our quality chefs. This is a unique role offering full time hours Monday to Friday with no nights.","https://www.seek.co.nz/job/71631954?type=promoted&ref=search-standalone#sol=796a5679ceebd6354c08714d49e57ca1fe6103d2","2023-11-23T07:30:04.537Z"
"Office Administration","Take it Easy Tours","Do you love travel? Join our team and be a part of creating amazing experiences and lifelong memories for our travellers.","https://www.seek.co.nz/job/71601732?type=standard&ref=search-standalone#sol=f52527676d63104615d970abc33fc5863dcc3f9e","2023-11-24T07:30:04.537Z"
"Retail Assistant","RMP Traders Ltd.","If you like a busy environment and variety in your day and if you love to help people this job might be for you!","https://www.seek.co.nz/job/71720086?type=standard&ref=search-standalone#sol=63b3174409a45dd6dea0163813b200b2591e4d58","2023-11-22T07:30:04.537Z"
"Farm Worker - (Horses)","Ramahiku River Bend LTD","Good farm to work on.. Easy hours of work, Transport provided if needed.. Bonuses and good time off..","https://www.seek.co.nz/job/71761323?type=standout&ref=search-standalone#sol=85e541a3e4322ee05a96783fc5f02e903390f801","2023-11-23T07:30:04.537Z"
"Optical Assistant","Wanganui Eyecare","Take on a meaningful role as an Optical Assistant, working as part of our friendly team to provide exceptional customer service!","https://www.seek.co.nz/job/71682874?type=standard&ref=search-standalone#sol=77ee440ee8ac58c96c5a7813201d0a0b6d605805","2023-11-23T07:30:04.537Z"
"Warehouse Store Person","Suzuki New Zealand Limited","We are looking for a person to join our supportive Suzuki warehouse team who will deliver strong levels of customer service by meeting parts needs.","https://www.seek.co.nz/job/71718852?type=standard&ref=search-standalone#sol=12085e40a9f2593be318db181a04c03b27662a84","2023-11-17T07:30:04.537Z"
"12x Business Services &amp; Tax and Audit Positions - Sydney - Up to $5k sign-on","Recruitment Expert","This is the best time in history to consider your career options and change jobs - candidates scoring $10k-$25k pay rises - talk to us today!","https://www.seek.co.nz/job/71709275?type=standard&ref=search-standalone#sol=f1f5f4fb241882db290b7ed57063327169176fae","2023-11-21T07:30:04.537Z"
"Customer Services Representative, Sector Operations","Te Whatu Ora - National Office","We are searching for dynamic people to join our Sector Operations team.","https://www.seek.co.nz/job/71593558?type=standout&ref=search-standalone#sol=e7281895751c6da3dd973891613f23fd12a4d3e1","2023-11-24T07:30:04.537Z"
"Library Assistant - Part Time","Whanganui District Council","If you are looking for a job that provides an outstanding service that people want, of which you can be proud, then this could be the position for you","https://www.seek.co.nz/job/71653396?type=standout&ref=search-standalone#sol=a91401389373c841b8b5efee629311a90832dd2f","2023-11-20T07:30:04.537Z"
"Economic Wellbeing Lead","Rangitikei District Council","Be on the ground providing valuable support and guidance to help businesses explore opportunities to become established or to expand in our district.","https://www.seek.co.nz/job/71744151?type=standout&ref=search-standalone#sol=3b000a8dfec982e91c6cb9092a5d513b4c1b9a9e","2023-11-22T07:30:04.537Z"
"Receptionist - Casual","Ryman Healthcare","Are you a caring and organised person who loves to support others? Jane Winstone Retirement Village, Whanganui has an opportunity for you!","https://www.seek.co.nz/job/71633087?type=standout&ref=search-standalone#sol=83a1ddaa9341b2ca6461d2b225cab6e3808ab9b5","2023-11-23T07:30:04.537Z"
"Optical Assistant","Wanganui Eyecare","Take on a meaningful role as an Optical Assistant, working as part of our friendly team to provide exceptional customer service!","https://www.seek.co.nz/job/71682784?type=standout&ref=search-standalone#sol=be6e95f06d27349d20ba7a67f244ae306f635a74","2023-11-20T07:30:04.537Z"
"Teacher Aide","Whanganui Girls' College","Experienced Teacher Aide","https://www.seek.co.nz/job/71720896?type=standard&ref=search-standalone#sol=e6051a21b5e4638c62f7b416505d3a7553c7f173","2023-11-23T07:30:04.537Z"
"Van Driver - Casual","Ryman Healthcare","Are you a caring and supportive person looking for a rewarding opportunity? Jane Winstone Retirement Village in Whanganui has an opportunity for you!","https://www.seek.co.nz/job/71631413?type=standout&ref=search-standalone#sol=1e463da6df9866b0b3377c1187952ef1ee750442","2023-11-15T07:30:04.537Z"
"Service Solution Specialist","Noel Leeming","Help our customers live better everyday by supporting them with their in home tech needs!","https://www.seek.co.nz/job/71717978?type=standout&ref=search-standalone#sol=1a6183e6a22de007ac45c166ec85193e06362c51","2023-11-24T07:30:04.537Z"
"Practice Administrator/PA","Rangitikei District Council","Looking for an experienced Practice Administrator/PA with suitable qualification for an expanding General Practice. Work with a friendly team.","https://www.seek.co.nz/job/71524786?type=standout&ref=search-standalone#sol=8fc0b5783852df5ecc662eb0dcb4516a24000ae0","2023-11-24T07:30:04.537Z"
"Manager Animal Control","Geneva Healthcare Ltd","We are on the lookout for someone with proven leadership skills to lead, mentor and direct our established Animal Control Team.","https://www.seek.co.nz/job/71744140?type=standout&ref=search-standalone#sol=3a9b9b67d6e8b26eae523c38b430b0fc4a06d812","2023-11-22T07:30:04.537Z"
"Support Worker | Whanganui","Founders Care Trust","Join us in providing cares and support to others in the community. Read on to APPLY!!","https://www.seek.co.nz/job/71748617?type=standout&ref=search-standalone#sol=bc54ce67953feb71d7e48f4a29a092ad005a1cc3","2023-11-24T07:30:04.537Z"
"Support Worker","Affco NZ","This job covers all the bases, great people to work with, caring employer, variety, rostered shifts, overtime, good pay, opportunity for training.","https://www.seek.co.nz/job/71691712?type=standard&ref=search-standalone#sol=f1fd879fc0d239724e373d39642414ab1d3dd40a","2023-11-23T07:30:04.537Z"
"Hostel Supervisor","DOWNER NZ","We have an exciting opportunity at our newly acquired worker accommodations located in Aramaho, at 64 Paterson Street.","https://www.seek.co.nz/job/71748435?type=standout&ref=search-standalone#sol=7ed2f8a25a2430c62a87f79ba809f066453a9821",
"Traffic Controller",,"Our Downer Whanganui team are looking for a Traffic Controller to join their team","https://www.seek.co.nz/job/71728865?type=standout&ref=search-standalone#sol=f48971f4310637a5d191022306c09cb8ef818eab",
"Graphic Designer in Marketing","Delfast","An exciting oppotunity to broaden your marketing experience and work with a well-respected family business.","https://www.seek.co.nz/job/71468698?type=promoted&ref=search-standalone#sol=037bdf5104d1ed0cd72ef44a918d05969d2f4ee8","2023-11-23T07:30:09.258Z"
"Truck Driver and Machine Operators","OneStaff Palmerston North","We have vacancies for Machine Operators and Class 2/4 Drivers based in Whanganui in the concrete team!","https://www.seek.co.nz/job/71186582?type=promoted&ref=search-standalone#sol=9a7c7af0ecf1c213b8826715eabc6eaa51fd6b86","2023-11-15T07:30:09.258Z"
"Manager, Community and Whānau Wellbeing - Mid-Central/Whanganui - NPHS","Te Whatu Ora - National Office","We have a permanent, full-time opportunity available to join our regional team as Manager, Community and Whānau Wellbeing - Mid-Central/Whanganui","https://www.seek.co.nz/job/71721376?type=standout&ref=search-standalone#sol=bed1eab49b27f783a09d20a208991dd81e37dd88","2023-11-23T07:30:09.258Z"
"Contract Administrator - Whanganui","Veolia","An exciting opportunity is presently available for a Contract Administrator to support our team based at our South Taranaki Contract.","https://www.seek.co.nz/job/71528898?type=standout&ref=search-standalone#sol=3e58bf96baa0cde8006f72cce3a09166df5ed16f","2023-11-20T07:30:09.258Z"
"MP Support Advisor for Carl Bates, MP","Parliamentary Service","Work at the heart of your community, in the office of Carl Bates, MP.","https://www.seek.co.nz/job/71728947?type=standout&ref=search-standalone#sol=3ee3ac61d3f0f4c3438da69c76971868e9e97266","2023-11-20T07:30:09.258Z"
"Team Leader Family Harm Prevention Programmes","Jigsaw Whanganui","Join an organisation where you are encouraged to bring your authentic self to work in this leadership role.","https://www.seek.co.nz/job/71627953?type=standout&ref=search-standalone#sol=1fdb738cb1b786f6c30865c320c9da6aaeb42ec6","2023-11-16T07:30:09.258Z"
"Housekeeper - Casual","Ryman Healthcare","Are you a warm and caring person who loves to help others? Jane Winstone Retirement Village in Whanganui has an opportunity for you!","https://www.seek.co.nz/job/71631948?type=standout&ref=search-standalone#sol=25c999785aac925c8ddea1f8274eec4593d76c25","2023-11-23T07:30:09.258Z"
"Payroll Administrator","NetYourJob","Wight Aluminium are seeking a Payroll Administrator to join their team. Family owned business with training, support and progression opportunities.","https://www.seek.co.nz/job/71559273?type=standout&ref=search-standalone#sol=c9b628caca4c83543dcb9418ba5b42bef6602c8c","2023-11-13T07:30:09.258Z"
"Social Worker","Oranga Tamariki - Ministry for Children","2x Fulltime, permanent positions available! Position will be based at our Whangnui Site We're offering a competitive salary starting from $78,840 to $","https://www.seek.co.nz/job/71719524?type=standout&ref=search-standalone#sol=bc94e8b4356944ade8d6b44e4594a81fbb4eaaeb","2023-11-13T07:30:09.258Z"
"Support Worker - After School Hours","HealthCare NZ","You will be part of a team who will provide a safe environment where people can develop confidence and new skills, build friendships with peers.","https://www.seek.co.nz/job/71467554?type=standout&ref=search-standalone#sol=5547a77af04db6737107e58def38731b93895001","2023-11-15T07:30:09.258Z"
"Operations Supervisor","Veolia","We currently have a vacancy for a Whanganui based supervisor to join our awesome team","https://www.seek.co.nz/job/71462753?type=standout&ref=search-standalone#sol=ad474e4c151efe108719df2cf2bb6bb4c6c17e1f","2023-11-20T07:30:09.258Z"
"Delivery Driver","REUTERS CONSTRUCTION LIMITED","Part time delivery driver required with immediate start.","https://www.seek.co.nz/job/71523460?type=standard&ref=search-standalone#sol=bf1c98d380f47bca6f2ffd4ecae225859dcc4bb4","2023-11-09T07:30:09.258Z"
"Village Support Maintenance - Part Time","Ryman Healthcare","Are you a handyperson that loves to assist others? Jane Winstone Retirement Village in Whanganui has an opportunity for you!","https://www.seek.co.nz/job/71630843?type=standout&ref=search-standalone#sol=d18dcbeae6a63424b27ea396a533d2d2a5636446","2023-11-15T07:30:09.258Z"
"Call Centre Operator","Randstad - Business Support","Call Centre role, Whanganui Central","https://www.seek.co.nz/job/71391218?type=standard&ref=search-standalone#sol=d5eecb533c059ca79c17968df164a43a4852b452","2023-11-09T07:30:09.258Z"
"Casual Kitchen Assistant","Summerset","Passionate about food? Keen to learn new skills? Join our supportive and friendly kitchen team at Summerset Wanganui as a Casual Kitchen Hand.","https://www.seek.co.nz/job/71527197?type=standout&ref=search-standalone#sol=993f6f4a185375b25289ad513c020b341072b6df","2023-11-24T07:30:09.258Z"
"Teacher Aide-Fixed Term","Arahunga Specialist School","We are looking for Teacher Aide's who is passionate about making a difference for learners who have learning challenges and complex needs.","https://www.seek.co.nz/job/71385890?type=standard&ref=search-standalone#sol=b604ef0cad9c8f5797bc9111bc8f6fe080e849f3","2023-11-21T07:30:09.258Z"
"Emergency Management Lead (District) - Whanganui","Te Whatu Ora - National Office","The purpose of this role is to lead the Emergency Management and response function for the district.","https://www.seek.co.nz/job/71746056?type=standout&ref=search-standalone#sol=e99bff89d74ecc0e4d6beec6658f28efb62a880b","2023-11-20T07:30:09.258Z"
"Menu Processor - Whanganui Hospital","Compass Group New Zealand","Permanent Full Time Menu Processor. Focus on ensuring patients receive the correct meals for their specific/ unique dietary requirements in hospital.","https://www.seek.co.nz/job/71663700?type=standout&ref=search-standalone#sol=a1dbe90cd48628916a9366717210ab65e5f691f8","2023-11-09T07:30:09.258Z"
"Cooks Assistant - Casual","Ryman Healthcare","Are you looking for a rewarding role with lots of opportunity for growth? Jane Winstone Retirement Village in Whanganui has an opportunity for you!","https://www.seek.co.nz/job/71633971?type=standout&ref=search-standalone#sol=57f0869262fda4767f084e338ec6359236a5dd0b","2023-11-23T07:30:09.258Z"
"Operations Manager","scalelogic","Be our Operational Dynamo! Join as the Operations Manager, where your work shapes our success daily. Make a difference and own your role!","https://www.seek.co.nz/job/71393002?type=standard&ref=search-standalone#sol=30e66dbf9224340210a9521802e4df78f3463790","2023-10-30T07:30:09.258Z"
"Director HR Operations - Whanganui, Mid-Central - People &amp; Communications","Te Whatu Ora - National Office","This is mahi that will improve the health and well-being of everyone in Aotearoa, and we've got an opportunity for you to be part of it&#8230;","https://www.seek.co.nz/job/71721438?type=standout&ref=search-standalone#sol=85a7cff5e3e9ae9908cf2c74e1cd9c66a04548b3",
"Chiropractic Assistant/ Receptionist",,"We are looking for a friendly, and motivated Chiropractic Assistant/ Receptionist to join our team","https://www.seek.co.nz/job/71115051?type=standard&ref=search-standalone#sol=8749857c659d341322af0ad35635a90d156677eb",
"Optical Assistant","Wanganui Eyecare","Take on a meaningful role as an Optical Assistant, working as part of our friendly team to provide exceptional customer service!","https://www.seek.co.nz/job/71682784?type=promoted&ref=search-standalone#sol=7fc52a4132bab4eef607162e67e4f3b1aeb43f39","2023-11-24T07:30:13.974Z"
"Team Leader Family Harm Prevention Programmes","Jigsaw Whanganui","Join an organisation where you are encouraged to bring your authentic self to work in this leadership role.","https://www.seek.co.nz/job/71627953?type=promoted&ref=search-standalone#sol=2ad274a55d530e87e9005a40abbdab95c1c8b619","2023-11-20T07:30:13.974Z"
"Radiologist","Pacific Radiology","Newly created branch with the latest hi-tech imaging machines, highly competitive remuneration package and providing a service to the community","https://www.seek.co.nz/job/71744000?type=standout&ref=search-standalone#sol=60356ce139322b85616cd44644bc1986dbf71382","2023-11-13T07:30:13.974Z"
"ISP Service Technician","DOWNER NZ","Join the Downer Telco team - you can be based either in Palmy or Whanganui!","https://www.seek.co.nz/job/71633713?type=standout&ref=search-standalone#sol=8cbb26e2bde0317250f3b14b9e1a98a4ae665404","2023-11-13T07:30:13.974Z"
"Graphic Designer in Marketing","Delfast","An exciting oppotunity to broaden your marketing experience and work with a well-respected family business.","https://www.seek.co.nz/job/71468698?type=standout&ref=search-standalone#sol=d9e54fa9a8557448569b514e94103eb2d5f3c9db","2023-11-10T07:30:13.974Z"
"Area Operations Manager | Whanganui / Ruapehu","Hato Hone St John","Drive operational excellence within the beautiful Whanganui, ensuring teams are engaged, professional, & developing as leaders in the organisation.","https://www.seek.co.nz/job/71463102?type=standout&ref=search-standalone#sol=3adfbace067543256f79d6cd7f44d7cd602e53bc","2023-11-17T07:30:13.974Z"
"Alliance Operations Managers","DOWNER NZ","Our Whanganui are looking for an Alliance Operations Manager to join their team!","https://www.seek.co.nz/job/71424113?type=standout&ref=search-standalone#sol=86b664ebf3a246fb98a3de812ea3c0133ccd44a2","2023-11-13T07:30:13.974Z"
"Counsellor","Cullinane College","Seeking a Counsellor who wants to make a difference to the youth of Cullinane College","https://www.seek.co.nz/job/71589377?type=standard&ref=search-standalone#sol=9aac522cf7e0bb8fc188c3f9bfeec522ac40db42","2023-11-10T07:30:13.974Z"
"Stockyard Team Members","Affco NZ","For more than a century AFFCO has been supplying quality grass fed meat products to New Zealanders and around the world. Come and join us!","https://www.seek.co.nz/job/71463105?type=standout&ref=search-standalone#sol=84f1b1a0b2575b2c06b6088d037e4e4412a4fae1","2023-11-20T07:30:13.974Z"
"Scheduling, Inventory and Logistics Specialist","PN Personnel","Fuel production excellence as a Logistics Maestro! Balance schedules, optimize inventory, and orchestrate seamless logistics.","https://www.seek.co.nz/job/71426071?type=standout&ref=search-standalone#sol=fd1b08c88bc250e8cf56f15fa4ab74088a9c4255","2023-11-23T07:30:13.974Z"
"Slaughter Supervisor","Affco NZ","We are on the hunt for an experienced supervisor to oversee our slaughter board at AFFCO Imlay.","https://www.seek.co.nz/job/71627475?type=standout&ref=search-standalone#sol=204ee245b2b04a5939b5e5d5c73ae947aba2ca4f","2023-11-09T07:30:13.974Z"
"National Technical Dealer Support","Automotive Employment (NZ) Ltd","Providing dealer training and technical support to the wider dealer network, reporting to Suzuki NZ as well as Suzuki Motor Corporation","https://www.seek.co.nz/job/71723215?type=standout&ref=search-standalone#sol=c6ea0bd2a3a26a6b80e25adac3bd73f6762a5b89","2023-11-08T07:30:13.975Z"
"Support Worker","Wise Group","Empowering whai ora for independent, fulfilling lives through compassionate care in our mobile services. Achieve well-being and recovery goals","https://www.seek.co.nz/job/71391157?type=standout&ref=search-standalone#sol=6af3de7d60125dd9d269ec97c01e425bd23e3e8f","2023-11-23T07:30:13.975Z"
"Business Manager","Robyn Young HR","Bring your financial expertise to the world of research and academia.","https://www.seek.co.nz/job/71356354?type=standout&ref=search-standalone#sol=3dd42ed9212f9833bbd0312ba5e3449235d4fd88","2023-11-07T07:30:13.975Z"
"Team Leader Technical Training","Whanganui District Council","If you have a passion for sharing your experience and knowledge across a diverse skill set from junior to senior officer, Apply Now!","https://www.seek.co.nz/job/71718065?type=standout&ref=search-standalone#sol=8a9fd23846a45a177a4dc61923943d7f73f2ad3f","2023-11-06T07:30:13.975Z"
"Support Worker - Whanganui PLC (full time)","IHC","Fantastic opportunity to earn, learn and gain formal health sector qualifications","https://www.seek.co.nz/job/71324825?type=standout&ref=search-standalone#sol=0319e6555f7256da612319939ae5dbecb808a4f6","2023-11-14T07:30:13.975Z"
"Insurance Broker","Wanganui Insurance Brokers","Join us, a successful, locally owned insurance brokerage. Competitive pay, support, and meaningful client impact. Your career starts here!","https://www.seek.co.nz/job/71311346?type=standout&ref=search-standalone#sol=55eb112fdfec20b633e3097e0183d61460016a43","2023-11-07T07:30:13.975Z"
"Caregiver - Part Time","Ryman Healthcare","Provide person-centered care that consistently exceeds expectations and make a positive impact on the lives of our residents","https://www.seek.co.nz/job/71485929?type=standout&ref=search-standalone#sol=85fa10b736f477eb680364cbace065da603ce541","2023-11-07T07:30:13.975Z"
"Support Worker","Wise Group","Empower lives: Assist 8 tangata whai ora in housing and recovery, fostering independence and aspirations on their recovery path.","https://www.seek.co.nz/job/71325251?type=standout&ref=search-standalone#sol=dd13109843c2104fe3a375d4f76b56a5cd86673f","2023-11-11T07:30:13.975Z"
"Casual Support Worker","Wise Group","Start your mental health career with flexible shifts and diverse support work. Perfect for those seeking a versatile and rewarding path.","https://www.seek.co.nz/job/71322543?type=standout&ref=search-standalone#sol=47917702b7b35bb2f7604b83f7739b8df581d64b","2023-11-13T07:30:13.975Z"
"Assistant Manager at F45 Training (Group Fitness Trainer)","F45 Whanganui","LOVE WHAT YOU DO EVERYDAY AND GET PAID FOR IT!!","https://www.seek.co.nz/job/71446912?type=standout&ref=search-standalone#sol=ac74cb4d72c08fd021c25403f2cadb4bfc0487b2",
"Night Shift Industrial Cleaner","Affco NZ","This role is focused on post-operation cleaning processes throughout the site to ensure compliance and all necessary standards are maintained.","https://www.seek.co.nz/job/71463088?type=standout&ref=search-standalone#sol=2f9a0bf8ad275a5809d3a4cbbb7e502a2174e722",
"Nightshift - Deep Cleaning Operator","Farmland Foods","Seeking Deep Cleaners. Well-established company, great culture and on-going benefits.","https://www.seek.co.nz/job/71213149?type=promoted&ref=search-standalone#sol=36396daa0d19ec4dbfcdac87d5def709c24c4c96","2023-11-08T07:30:18.702Z"
"Range of Auditor Positions for Manawatu/Taupo/New Plymouth//Whanganui Office","Silks Audit Chartered Accountants","Audit Graduate to Experienced Auditors","https://www.seek.co.nz/job/71245044?type=promoted&ref=search-standalone#sol=844cd86452ab1bdc1da9803b25c6ccb591ce1387","2023-11-06T07:30:18.702Z"
"Area Sales Representative- Full Time","Edwards &amp; Hardy Roofing","Earn 100k in your first years selling.","https://www.seek.co.nz/job/71365236?type=standard&ref=search-standalone#sol=4a35065591fd7af8fb25a805cb2b46e43ace8fcd","2023-11-03T07:30:18.702Z"
"Whanganui Base Superviser","Air Chathams Limited","We are seeking a keen individual to take the role as Base Supervisor for Whanganui Airport.","https://www.seek.co.nz/job/71296382?type=standout&ref=search-standalone#sol=3de4335a2eb47baad58a95b602ebdb9baf6c7b11","2023-11-23T07:30:18.702Z"
"Corrections Officers - Whanganui Prison","Department of Corrections","We are looking for a diverse range of candidates, from different cultures with varied backgrounds and experience","https://www.seek.co.nz/job/71247421?type=standout&ref=search-standalone#sol=104a3b40144782f0809872f5711003c5b00c62ce","2023-11-13T07:30:18.702Z"
"Asset Engineering Technician","DOWNER NZ","The Asset Engineering Technician is a key role, based from our Whanganui Depot, providing support to the Asset Engineer and wider Asset team","https://www.seek.co.nz/job/71728803?type=standout&ref=search-standalone#sol=5dbe3193a2002602ed8636c68808c24e5f2aaf26","2023-11-06T07:30:18.702Z"
"General Hand - Asphalt Worker","DOWNER NZ","We are looking for a General Hand to join our Asphalt crew","https://www.seek.co.nz/job/71459636?type=standout&ref=search-standalone#sol=3b61d783b8f19eebf664718e54834936f926c694","2023-11-01T07:30:18.702Z"
"Process Workers - Imlay","Affco NZ","We are looking for people to join our teams at our modern processing facility in Whanganui - Come and work with great people.","https://www.seek.co.nz/job/71293006?type=standout&ref=search-standalone#sol=2d76bd6be3ecb2dcc6af7579c7a9ca0ccf45b20a","2023-11-01T07:30:18.702Z"
"Community Centre Manager","Netball Whanganui Inc.","Lead and guide staff and volunteers in the development, implementation and delivery of quality Netball in Whanganui.","https://www.seek.co.nz/job/71190170?type=standard&ref=search-standalone#sol=e61017705cf81d622f5f19f6b696329c98358d8f","2023-11-24T07:30:18.702Z"
"Keyholder - Superstore","Ngahuia Group Limited","You've a passion for retail fashion & creating a customer centric shopping environment. Joining us is an investment in your retail leadership career.","https://www.seek.co.nz/job/71179555?type=standout&ref=search-standalone#sol=44a7877a21d912bf4e019d3340f1735f1ef93082","2023-11-14T07:30:18.702Z"
"Mental Health Casual Enrolled Nurse &amp; Community Support Workers","Whanganui Community Living Trust","Be a part of a dynamic and exciting team within Community Mental Health & Disabilities Support Service.","https://www.seek.co.nz/job/71750844?type=standout&ref=search-standalone#sol=d60c38ed21f686109fbc9a60fe5c30755f413ff5","2023-11-13T07:30:18.702Z"
"Kaitohutohu - Central - Māori Public Health - NPHS","Te Whatu Ora - National Office","Contribute to pae ora for iwi and Māori communities in this Kaitohutohu role","https://www.seek.co.nz/job/71487714?type=standout&ref=search-standalone#sol=07cc72e080b0ecea3470be7d7f08d9ff2a9294fc","2023-11-23T07:30:18.702Z"
"Social Worker","Wise Group","Embrace our principles and practices, aid the mental health of young people and families, and boost confidence and resilience.","https://www.seek.co.nz/job/71460300?type=standout&ref=search-standalone#sol=462752030d4e9de76eb44691b395d81404dbc857","2023-11-07T07:30:18.702Z"
"Driver Operator - Bitumen Sprayer","DOWNER NZ","We are looking for an experienced Bitumen Sprayer Operator to assist with upcoming projects across Whanganui.","https://www.seek.co.nz/job/71719159?type=standout&ref=search-standalone#sol=6a46c9fca6c6752a5957776e04bc0fdd906dbc13","2023-11-09T07:30:18.702Z"
"Technical Services Manager - Electricity Distribution","DOWNER NZ","Bring your Technical expertise in the Electricity industry to this exciting role.","https://www.seek.co.nz/job/71327237?type=standout&ref=search-standalone#sol=2f5e545b3798e8935e9daf2848e9fc256a77e9da","2023-11-15T07:30:18.702Z"
"STMS","DOWNER NZ","We are looking for an experienced STMS to join our Whanganui team!","https://www.seek.co.nz/job/71399554?type=standout&ref=search-standalone#sol=2c6b085dac0c9a7c88a3f76fccc0002b16729b86","2023-11-02T07:30:18.702Z"
"Trainee Lifeguard","Whanganui District Council","Looking for an opportunity to embark on a challenging and rewarding career? We're recruiting for new casual employees to start in our paid training","https://www.seek.co.nz/job/71523023?type=standout&ref=search-standalone#sol=643ef1bbdba62936d39e1a3986bca311d3893ce5","2023-11-03T07:30:18.702Z"
"Driver Operator (jetting unit)","DOWNER NZ","We are looking for a Driver Operator to join our team in Whanganui!","https://www.seek.co.nz/job/71221359?type=standout&ref=search-standalone#sol=e7373fbe970f0c45012378ea3740bdc00b114e59","2023-10-31T07:30:18.702Z"
"Range of Auditor Positions for Manawatu/Taupo/New Plymouth//Whanganui Office","Silks Audit Chartered Accountants","Audit Graduate to Experienced Auditors","https://www.seek.co.nz/job/71245044?type=standout&ref=search-standalone#sol=4a41f02796100ee6bf416bd73d5c1fca0d9dacb5","2023-10-31T07:30:18.702Z"
"Skipper - Paddle Steamer Waimarie","Waimarie Operating Trust","Be the next skipper for our Queen of the River - PS Waimarie and help us continue to share the lower reaches of Te Awa Tupua - Whanganui River.","https://www.seek.co.nz/job/71134539?type=standard&ref=search-standalone#sol=ea059ca165de0a126b4b44c7d7b3167505c9e9fc","2023-11-20T07:30:18.702Z"
"Extrusion Operators - Whanganui","Hynds","We offer a competitive hourly rate + shift allowance and company benefits. We will support your career development and provide training.","https://www.seek.co.nz/job/71157808?type=standout&ref=search-standalone#sol=e62afeb73eb3aa01be5ab6d6e51354945b41b2d2",
"Sous Chef","Honest Kitchen Limited","Our key success is our quality food produced by our quality chefs. This is a unique role offering full time hours Monday to Friday with no nights.","https://www.seek.co.nz/job/71631954?type=standout&ref=search-standalone#sol=dde53c1939b1837088a3646f0da16608ddb0ac1b",
"Assistant Manager at F45 Training (Group Fitness Trainer)","F45 Whanganui","LOVE WHAT YOU DO EVERYDAY AND GET PAID FOR IT!!","https://www.seek.co.nz/job/71446912?type=promoted&ref=search-standalone#sol=f8281575bcb2b1e2198b21a68ddd60e9bbc6bebc","2023-11-17T07:30:23.834Z"
"Assistant Store Manager - Operations","Farmers Trading Company","Are you an Operations leader? Come join Wanganui's premium shopping destination !","https://www.seek.co.nz/job/71177833?type=promoted&ref=search-standalone#sol=b4e767084c91171766a681cc1de31ded5c8e0818","2023-11-04T07:30:23.834Z"
"Driver Operator - Pavement Crew","DOWNER NZ","We are looking for an experienced or up-and-coming Driver Operator - Paving","https://www.seek.co.nz/job/71583245?type=standout&ref=search-standalone#sol=d3f339fba729f3937ce082985fe27d6ee514028f","2023-11-01T07:30:23.834Z"
"Gas Technician/Trainee Technician","GasNet Limited","Enjoy working outdoors, like physical work, don’t mind picking up a shovel at times and want to achieve industry qualifications while earning.","https://www.seek.co.nz/job/71254416?type=standout&ref=search-standalone#sol=062d8b81d8d8b88852d54cd53ed963539258bd90","2023-11-16T07:30:23.834Z"
"Assistant Store Manager - Operations","Farmers Trading Company","Are you an Operations leader? Come join Wanganui's premium shopping destination !","https://www.seek.co.nz/job/71177833?type=standout&ref=search-standalone#sol=937ff0ca7f72934eea57eb5550e5740dffb5f30d","2023-11-23T07:30:23.834Z"
"Packhall Storeperson","Nestlé NZ Ltd","We are looking for a Packhall Storeperson to join our Distribution team.","https://www.seek.co.nz/job/71563208?type=standout&ref=search-standalone#sol=b985cff92a1e37971ff3da91389052e4be857be5","2023-10-31T07:30:23.834Z"
"Project Manager / Senior Project Manager (civil/three waters)","Rangitikei District Council","In this specialist role, you will be responsible for providing engineering expertise with a primary focus on the delivery of civil projects.","https://www.seek.co.nz/job/71722786?type=standout&ref=search-standalone#sol=fc2a27c093ef9d0b28a84827779529e9c21b0ec8","2023-10-30T07:30:23.834Z"
"Automobile Sales Executive","Suzuki New Zealand Limited","The opportunity has arisen to join Suzuki New Zealand Limited in our busy Automobile Sales and Marketing Department as an Automobile Sales Executive.","https://www.seek.co.nz/job/71140624?type=standard&ref=search-standalone#sol=9f12a508a9ad32beaab090362463ea8f51eefba1","2023-11-10T07:30:23.834Z"
"Director of Netball - 2024","Whanganui Collegiate School","Whanganui Collegiate School is looking to appoint an experienced and dynamic Netball coach to the post of Director of Netball from January 2024.","https://www.seek.co.nz/job/71112459?type=standout&ref=search-standalone#sol=7b7a64a282a192b77cf02e69ed03b98a571b4faa","2023-11-06T07:30:23.834Z"
"Part Time ESOL Teacher","English Language Partners NZ","Are you a qualified teacher in NZ? Want a fun, varied role where the hours fly by? English teaching role supporting migrants available now","https://www.seek.co.nz/job/71422094?type=standout&ref=search-standalone#sol=1f9a7cd6c1a45a4a8375dec6b292434004155039","2023-11-07T07:30:23.834Z"
"Personal Trainer","Jetts Fitness","Fitness is your passion and you want to be your own boss? Join the Jetts NZ family as a PT contractor and unlock your earning potential!","https://www.seek.co.nz/job/71293856?type=standout&ref=search-standalone#sol=f711ae99e40b0b99619f6eb308f7edffbca0c2b0","2023-11-10T07:30:23.834Z"
"Fibreglass Fabricator/Experienced Operator","Pump and Valve Specialties Ltd","Fibreglass Fabricator/operator located in Wanganui a variety of FRP laminating and moulding tasks.","https://www.seek.co.nz/job/71323924?type=standard&ref=search-standalone#sol=2fc2f09f8e3a5b694644d0359369f90cb3da9442","2023-10-30T07:30:23.834Z"
"Hostel Cook - Part Time","Whanganui Girls' College Ad Astra Hostel","Dedicated, passionate team player to join our family environment","https://www.seek.co.nz/job/71420528?type=standard&ref=search-standalone#sol=135ad762a3777a0d395fb6f4b3d955e2e8e3c295","2023-11-13T07:30:23.834Z"
"Gardener - Part Time","Ryman Healthcare","Are you a driven and experienced Gardener/Landscaper looking for a rewarding opportunity? Jane Winstone Retirement Village has an opportunity!","https://www.seek.co.nz/job/71114721?type=standout&ref=search-standalone#sol=80f38a39fd2bfe8ba1add50529f31c083714b457","2023-11-02T07:30:23.834Z"
"Customer Experience Officer","Rangitikei District Council","Are you a Customer Experience Officer extraordinaire with excellent interpersonal verbal and written communication skills who puts the customer first","https://www.seek.co.nz/job/71461892?type=standout&ref=search-standalone#sol=8102cee718e0e24f99795a1bfe9167826ffb0f67","2023-11-03T07:30:23.834Z"
"Driver Operator (jetting unit)","DOWNER NZ","We are looking for a Driver Operator to join our team in Whanganui!","https://www.seek.co.nz/job/71221358?type=standout&ref=search-standalone#sol=27ad2d6426aea1669da5d3c16bda86ab4f4b35fd","2023-11-01T07:30:23.835Z"
"Senior Caregiver - Part Time","Ryman Healthcare","Are you a kind and supportive person who loves to delight and care for others? Jane Winstone Retirement Village has an opportunity for you!","https://www.seek.co.nz/job/71255634?type=standout&ref=search-standalone#sol=bc394ed8d01929918d5cf03babbbf92978a14e38","2023-11-13T07:30:23.835Z"
"Engineering Opportunities - Whanganui","WSP","WSP is a collaborative team of global experts who aspire every day to shape a better tomorrow.","https://www.seek.co.nz/job/71177894?type=standout&ref=search-standalone#sol=3161a99642979cee50e6c168b23fbb1b890a8b9d","2023-11-20T07:30:23.835Z"
"Driver Operator (Surfacing)","DOWNER NZ","We are looking for an experienced or up-and-coming Driver Operator in Whanganui","https://www.seek.co.nz/job/71459634?type=standout&ref=search-standalone#sol=a83a30d0072ee77e4e966cc31e837f361d1c0e21","2023-11-23T07:30:23.835Z"
"Chef - Casual","Ryman Healthcare","Being a Chef is different at Ryman - you'll have more respect, more job-satisfaction and more stability. Sound interesting? Then let's have a chat.","https://www.seek.co.nz/job/71632429?type=standout&ref=search-standalone#sol=0fe7167061d0de9648587560e7e6b6b1e41fa1f8","2023-11-01T07:30:23.835Z"
"Customer Service Representative (Part Time) - bp Connect Bulls","BP Oil New Zealand Limited","Become a permanent member of our friendly and vibrant team at bp Connect Bulls!","https://www.seek.co.nz/job/71725516?type=standout&ref=search-standalone#sol=a81ca27dc5cde6144ecfc7d33799b13f32138239",
"Line Mechanic / Trainee Line Mechanic","DOWNER NZ","Excellent opportunity to take the next step in your Electricity career in Whanganui.","https://www.seek.co.nz/job/71188395?type=standout&ref=search-standalone#sol=e584690c77504f24e5cc10cd63a9620e2da7c9c0",
"Practice Administrator/PA","Nga Tawa Diocesan School","Looking for an experienced Practice Administrator/PA with suitable qualification for an expanding General Practice. Work with a friendly team.","https://www.seek.co.nz/job/71524786?type=promoted&ref=search-standalone#sol=01186fb13f3899e52618194f949ea11eaa57566b","2023-10-31T07:30:28.587Z"
"Senior Boarding Manager","Suzuki New Zealand Limited","We are seeking a dynamic and committed Boarding Manager to manage and oversee our year 11-13 boarding environment.","https://www.seek.co.nz/job/71205962?type=promoted&ref=search-standalone#sol=9fce40344a152e7cdeabaeb8093d7d9f2f702917","2023-11-22T07:30:28.587Z"
"Automobile Technical Service Position","BP Oil New Zealand Limited","Suzuki New Zealand Ltd is the National Distributor for Suzuki Automobiles and is based in Whanganui.","https://www.seek.co.nz/job/71134542?type=standard&ref=search-standalone#sol=09c572f8be2ebcc28d067848027e4d6c202f7ca5","2023-11-23T07:30:28.587Z"
"Customer Service Representative (Overnights) - bp Connect Bulls","Ryman Healthcare","Become a permanent member of our friendly and vibrant team at bp Connect Bulls!","https://www.seek.co.nz/job/71700815?type=standout&ref=search-standalone#sol=bdbf7ecf07728b1515853a57b25f9299cca4afc0","2023-11-23T07:30:28.587Z"
"Registered Nurse - Part Time","Ryman Healthcare","Nursing Pioneers wanted at Jane Winstone Retirement Village. Use your kindness and experience to deliver nursing and care to our residents!","https://www.seek.co.nz/job/71721932?type=standout&ref=search-standalone#sol=ce28782ded235d640a57f33571f693412253f95c","2023-11-10T07:30:28.587Z"
"Registered Nurse - Coverpool","Te Oranganui","Nursing Pioneers wanted! Experience a great variety of shifts across all units within the village to advance your nursing expertise","https://www.seek.co.nz/job/71721590?type=standout&ref=search-standalone#sol=46fd52418ffb811f8dc92f80e9f7d8a68895f65d","2023-11-01T07:30:28.587Z"
"Registered Mental Health Nurse","WSP","This role oversees wellness journey of tāngata whai ora and ensure the service nurtures the values of Tikanga Māori as well as being clinically sound.","https://www.seek.co.nz/job/71422920?type=standard&ref=search-standalone#sol=9a8dd2dbcd7c9c75fcfb7565388accf8c039fd7d","2023-11-01T07:30:28.587Z"
"Bridge Engineer","AWF","Fantastic bridge asset management and design opportunity in Whanganui.","https://www.seek.co.nz/job/71177847?type=standout&ref=search-standalone#sol=616350b8aa8fe03acd5f712d7dc8fe5f076224d2","2023-11-06T07:30:28.587Z"
"Skilled Civil Workers","Nga Tawa Diocesan School","Civil Construction opportunities available now!","https://www.seek.co.nz/job/71173888?type=standout&ref=search-standalone#sol=91e954f7368daa9595ad2d775d76a34474caf8ec","2023-11-01T07:30:28.587Z"
"Boarding Staff","OneStaff Palmerston North","We have a vacancy in our boarding team for boarding staff for day and sleepover shifts.","https://www.seek.co.nz/job/71294322?type=standard&ref=search-standalone#sol=6416d920a93760570eab8bcf6f2ad15a2f8782b0","2023-11-09T07:30:28.587Z"
"Truck Driver and Machine Operators","Enviro NZ","We have vacancies for Machine Operators and Class 2/4 Drivers based in Whanganui in the concrete team!","https://www.seek.co.nz/job/71186582?type=standout&ref=search-standalone#sol=4b4e3a218d37d278014fea8210a8a605066b90f3","2023-11-15T07:30:28.587Z"
"Points Person - Bonny Glen","RobLawMax Recruitment","Our Bonny Glen Landfill team is looking for a new Points Person!","https://www.seek.co.nz/job/71385588?type=standout&ref=search-standalone#sol=74d676e7f3dca0d4af45d095fd1cef6da06ccf97","2023-11-01T07:30:28.587Z"
"Quality Manager","Te Pae Hauora o Ruahine o Tararua - MidCentral","Ensure all products designed & manufactured, comply with applicable specifications, standards & legislation for the markets they are supplied into.","https://www.seek.co.nz/job/71526330?type=standout&ref=search-standalone#sol=5cdbe9f4de867176457ea8f3203dedc6d89d7df3","2023-11-06T07:30:28.587Z"
"Clinical Engineering Technician","PEC Limited","Looking for a candidate who can undertake maintenance, repairs, calibration & electrical safety testing on medical devices.","https://www.seek.co.nz/job/71173967?type=standout&ref=search-standalone#sol=3ce089281ff6ee5d97bd735c8b1da3dbf7432f14","2023-11-07T07:30:28.587Z"
"SMT Operator - Electronics Manufacturing","Wanganui Collision Centre","PEC, a nationally recognised hi-tech innovator and manufacturer are seeking a SMT Operator to join our team.","https://www.seek.co.nz/job/71298741?type=standout&ref=search-standalone#sol=b6bc4c4d3bb16136ad206c0b34147959207dd8a6","2023-11-17T07:30:28.587Z"
"Panel Beater","Whanganui Hair Limited","Unleash your panel beating expertise & transform damaged vehicles into masterpieces. Join our team & make a lasting impact in the automotive industry.","https://www.seek.co.nz/job/71337474?type=standard&ref=search-standalone#sol=f91904f2873fb8a68190843e8e54e3a0eb4462e9","2023-11-01T07:30:28.588Z"
"Senior Hairdresser","Te Pae Hauora o Ruahine o Tararua - MidCentral","Calling all hairdressers. JUST CUTS™ Whanganui currently have lifestyle friendly positions available with great pay and a great team.","https://www.seek.co.nz/job/71585044?type=standout&ref=search-standalone#sol=5e5fb68f7c9064d7bf81df2f29d6a518204a7e86","2023-11-06T07:30:28.588Z"
"Clinical Engineering Technologist","Affco NZ","The successful candidate will undertake maintenance, repairs, calibrations and electrical safety testing on medical devices.","https://www.seek.co.nz/job/71174000?type=standout&ref=search-standalone#sol=aa7497a4ccbb1d97fa56b52f04c4767d5052dd3d","2023-11-06T07:30:28.588Z"
"Maintenance Fitter","Affco NZ","AFFCO Imlay is seeking an experienced and motivated Fitter to join our trades team. We also provide opportunities for apprentices.","https://www.seek.co.nz/job/71293055?type=standout&ref=search-standalone#sol=6f44ef9d1cd79e0641ea6a58944c20a92c8a7b1e","2023-11-20T07:30:28.588Z"
"Maintenance Fitter","Habit  Health","AFFCO Castlecliff is seeking an experienced and motivated Fitter. If this sounds like you, we would love to hear from you!","https://www.seek.co.nz/job/71293068?type=standout&ref=search-standalone#sol=97e533a8f3f9c9c62e988fe0bf1f3bd124913dd5","2023-11-09T07:30:28.588Z"
"Physiotherapist","Enviro NZ","Make your mark in a people focused organisation that prioritises your growth and collaborates with your skills.","https://www.seek.co.nz/job/71628377?type=standout&ref=search-standalone#sol=4748333d324fc272d933b1985543a8d5a3dcb50c",
"Labourer - Bonny Glen",,"We are looking for Labourers for our team in Bonny Glen Landfill!","https://www.seek.co.nz/job/71385608?type=standout&ref=search-standalone#sol=188dc43951a41b9d35d23e304646249bf5258c38",
"Insurance Broker","Wanganui Insurance Brokers","Join us, a successful, locally owned insurance brokerage. Competitive pay, support, and meaningful client impact. Your career starts here!","https://www.seek.co.nz/job/71311346?type=promoted&ref=search-standalone#sol=8e81bcbeb354648b56777281198399cf01f28be9","2023-11-14T07:30:33.167Z"
"SMT Operator - Electronics Manufacturing","PEC Limited","PEC, a nationally recognised hi-tech innovator and manufacturer are seeking a SMT Operator to join our team.","https://www.seek.co.nz/job/71298741?type=promoted&ref=search-standalone#sol=d768bbbd2a97dfcea73c23b1130f41e8f7edc351","2023-11-14T07:30:33.167Z"
"Assistant Store Manager (Full Time) – bp Connect Bulls","BP Oil New Zealand Limited","This is your chance, as a highly driven individual and as someone who aspires to be a future leader in retail management!","https://www.seek.co.nz/job/71487902?type=standout&ref=search-standalone#sol=01e1e8a4f183320c7453326a989a8d92e98125f1","2023-11-09T07:30:33.167Z"
"Service and Parts Manager","McVerry Crawford Motor Group","Seeking a results driven team leader who is dedicated to delivering results","https://www.seek.co.nz/job/71487287?type=standard&ref=search-standalone#sol=18abe950042e301efd400e3830dcf30d5d1aaa88","2023-10-31T07:30:33.167Z"
"Salesperson - Bulls","Property Brokers","Supercharge your career growth with Property Brokers in Bulls!","https://www.seek.co.nz/job/71386104?type=standout&ref=search-standalone#sol=49cf1900a05187a52e89c94c05960143c6fb543d","2023-11-06T07:30:33.167Z"
"REGISTERED NURSE - 0.8 to Full time","Hospice Whanganui","Are you looking for meaningful and purposeful work, want to make a real difference to our community, and want to be part of an awesome team?","https://www.seek.co.nz/job/71136432?type=standout&ref=search-standalone#sol=49c7b73488a11dbf4ca120b8eb2398766ccaaf3c","2023-10-30T07:30:33.167Z"
"Operations Team Leader","Manawatu District Council","This is an ideal opportunity to join the team that manages the core water, wastewater operations and reticulation services.","https://www.seek.co.nz/job/71301476?type=standout&ref=search-standalone#sol=1d5970f091b866f327ae76812045ef24b294f1b5","2023-11-02T07:30:33.167Z"
"Production Operations Manager","Technical Recruitment Solutions","Rare opportunity to have ownership over the NZ branch of a global business – drive growth and improvements and make this role your own.","https://www.seek.co.nz/job/71076285?type=standout&ref=search-standalone#sol=384a1211af3d2c49d9dcc22bae7870e05e24d006","2023-11-02T07:30:33.167Z"
"Maintenance Electrician","Silver Fern Farms","Are you a qualified/ registered electrician looking for a new challenge and role where you can continue to grow as part of this close knit team?","https://www.seek.co.nz/job/71221894?type=standout&ref=search-standalone#sol=8d043eba7b7dab2940e1a917ff7504b1db5c277c","2023-11-13T07:30:33.167Z"
"Civil Foreman","Fulton Hogan","This role will have you responsible for leading the day-to-day activities of your crew on heavy civil projects.","https://www.seek.co.nz/job/71212283?type=standout&ref=search-standalone#sol=4f97048a3857d1d9be8a1fdf65e2212fef329b57","2023-11-02T07:30:33.167Z"
"Voc Rehab Occupational Therapist or Physio","RWR Health","Fit this job around your life - real flexibility on offer here. Work across the Manawatu but you could live in Palmerston Nth, Whanganui or inbetween","https://www.seek.co.nz/job/71468692?type=standout&ref=search-standalone#sol=436e22b03e844c5cdf4c2785e98631f2b4adfd54","2023-11-06T07:30:33.167Z"
"Nightshift - Deep Cleaning Operator","Farmland Foods","Seeking Deep Cleaners. Well-established company, great culture and on-going benefits.","https://www.seek.co.nz/job/71213149?type=standout&ref=search-standalone#sol=de68545e60a942ce5bed807dd52d7f8b6013d084","2023-11-02T07:30:33.167Z"
"Physiotherapist -Graduate Programme","Habit  Health","Kickstart your career with a company that is passionate about client care and the continual development of our employees.","https://www.seek.co.nz/job/71293675?type=standout&ref=search-standalone#sol=015af6b894cfe9e8ce1880db54a79ba7f2e61939","2023-11-03T07:30:33.167Z"
"Senior Boarding Manager","Nga Tawa Diocesan School","We are seeking a dynamic and committed Boarding Manager to manage and oversee our year 11-13 boarding environment.","https://www.seek.co.nz/job/71205962?type=standout&ref=search-standalone#sol=9ac5df74a00fdd0184b973b78433187942cd7068","2023-11-16T07:30:33.167Z"
"Physiotherapist","Habit  Health","Kickstart your career with a company that is passionate about client care and the continual development of our emoolyees.","https://www.seek.co.nz/job/71254022?type=standout&ref=search-standalone#sol=fadd9a6d00b7dab59fec4f501bce6a3e6401fa88","2023-11-06T07:30:33.167Z"
"Airframe/Engine Licensed Aircraft Maintenance Engineer","Jet Aviation","With great vision and exciting plans, it takes talented people to build our leading business and this is your opportunity to be part of that journey!","https://www.seek.co.nz/job/71555433?type=standout&ref=search-standalone#sol=e6dd0c14efa6a3445a7a63a2b212f02ce699ade2","2023-11-06T07:30:33.167Z"
"Industrial Electrician","Affco NZ","AFFCO Imlay is seeking an experienced and motivated Electrician to join our team in Whanganui.","https://www.seek.co.nz/job/71293050?type=standout&ref=search-standalone#sol=2403e64a16f02569aac4838b2272c1a1b5311e44","2023-11-06T07:30:33.167Z"
"Occupational Therapist-Graduate Program","Habit  Health","Kickstart your career with a company that is passionate about client care and the continual development of our employees.","https://www.seek.co.nz/job/71293209?type=standout&ref=search-standalone#sol=2ac9e5de647d03362f44379f80a791a77a26e18a","2023-11-01T07:30:33.167Z"
"Occupational Therapist-Graduate Programme","Habit  Health","Kickstart your career with a company that is passionate about client care and the continual development of our employees.","https://www.seek.co.nz/job/71293331?type=standout&ref=search-standalone#sol=eb99f9b4d6f604c5a9c85a20cbff75fa1fbea7f1","2023-11-03T07:30:33.167Z"
"Machine Operator - Bonny Glen","Enviro NZ","We are looking for Class 2 or above Machine Operators for our site in Bonny Glen!","https://www.seek.co.nz/job/71180676?type=standout&ref=search-standalone#sol=33cd58bb54bb92e49f9988e6616386943f257af8","2023-11-15T07:30:33.167Z"
"Zero Harm business Partner","Spotless Facility Services (NZ) Limited","Are you passionate about Health and Safety? We are looking for a Zero Harm Business Partner to join our high performing team based in Ohakea.","https://www.seek.co.nz/job/71249427?type=standout&ref=search-standalone#sol=22b6cdf9810dfbc952b1e1fa5d2e0539c136ee15",
"Cleaner Supervisor","Ventia","Contribute to the efficient and effective cleaning service delivered within the MDHB facilities","https://www.seek.co.nz/job/71526430?type=standout&ref=search-standalone#sol=5550229b1ed01fcbfc6e04e740d654d588812156",